Lookup Key, Replacement Key, Version 1
"Timestamp", "submission_ts"
"Application Semester", "terms"
"Confirmation of UTSU Membership", "member_confirmed"
"ACORN-registered First Name", "first_name"
"ACORN-registered Last Name", "last_name"
"Student Number", "id"
"UofT Email Address", "email"
"Faculty", "faculty"
"Bursary Type", "bursary_type"
"AP General Statement", "ap_statement"
"AP Subsidies", "ap_subsidies"
"AP Request Amount", "ap_amount"
"LC General Statement", "lc_statement"
"LC Subsidies", "lc_subsidies"
"LC Requested Amount", "lc_amount"
"Disability Status - Mobility", "disability_mobility"
"Disability Status - Invisible", "disability_invisible"
"Living Situation", "living_situation"
"Access to Disposable Income", "disposable_income"
"Liquidity", "liquidity"
"Number of Dependents and/or Remittance members", "dependents"
"Access to External Supports", "external_supports"
"Extenuating Circumstances", "circumstances"
