"Lookup Key", "Replacement Key", "Version 1"
"Timestamp", "submission_ts"
"Username", "personal_email"
"Full ACORN-registered Name", "full_name"
"Student Number", "id"
"UofT Email Address", "email"
"Divisional Code", "division"
"Confirmation of Eligibility: I am a current University of Toronto student and a paying member of the UTSU", ""
"Are you an delegated applicant?", ""
"Conflict of Interest Disclosure", ""
"Feedback/Comment Card", "NA"
"Constituency Choice [First-Year Student]", ""
"Constituency Choice [Commuter]", ""
"Constituency Choice [Residence]", ""
"Constituency Choice [Mature Students and Student Parents]", ""
"Constituency Choice [International Students]", ""
"Constituency Choice [First Generation Student]", ""
"Constituency Choice [Small and Specialized Program]", ""
"Constituency Choice [General Member]","Constituency Choice [Faculty/College]", ""
"General Statement", ""